GrLivArea,Bedroom_2,Bedroom_3,Bedroom_4,FullBath_1,FullBath_2,FullBath_3,Predicted_SalePrice
0.1243589743589743,1,0,0,1,0,0,109317.86144685379
0.30940170940170936,0,1,0,1,0,0,146839.31104169867
0.43760683760683755,0,1,0,0,1,0,208399.12469836773
0.4269230769230769,0,1,0,0,1,0,205498.5328068186
0.2884615384615385,1,0,0,0,1,0,180623.66385912802
0.44871794871794873,0,1,0,0,1,0,211415.7402655789
0.24871794871794867,0,1,0,0,1,0,157116.66005577875
0.3675213675213675,0,1,0,0,1,0,189371.2418898053
0.31452991452991447,1,0,0,1,0,0,160948.3971164287
0.11837606837606834,1,0,0,1,0,0,107693.52998758627
0.31282051282051276,1,0,0,0,1,0,187237.01337186008
0.16324786324786322,1,0,0,1,0,0,119876.0159320927
0.2081196581196581,0,1,0,1,0,0,119341.69990981273
0.36367521367521366,0,1,0,0,1,0,188327.02880884762
0.0987179487179487,1,0,0,1,0,0,102356.44090713584
0.7388888888888889,0,1,0,0,1,0,290195.81604005385
0.40128205128205124,0,1,0,0,1,0,198537.11226710063
0.46709401709401704,0,1,0,0,1,0,216404.75831904338
0.52008547008547,0,1,0,0,1,0,230791.6941011272
0.8935897435897435,0,1,0,0,1,0,332196.3866296855
0.7029914529914529,0,1,0,0,1,0,280449.82728444866
0.3269230769230769,1,0,0,0,1,0,191065.79466870497
0.30726495726495723,0,1,0,0,1,0,173011.90362146808
0.23076923076923073,1,0,0,0,1,0,164960.4676447626
0.32863247863247863,0,1,0,0,1,0,178813.0874045664
0.48205128205128206,0,1,0,0,1,0,220465.58696721224
0.7991452991452992,0,0,1,0,1,0,262762.39398990513
0.4230769230769231,1,0,0,0,1,0,217171.12169264734
0.261965811965812,1,0,0,0,1,0,173430.19596808613
0.36880341880341877,1,0,0,0,1,0,202436.11488357763
0.45042735042735044,0,1,0,0,1,0,211879.83496822673
0.17393162393162392,1,0,0,1,0,0,122776.60782364187
0.37991452991452984,0,1,0,0,1,0,192735.9284840023
0.7452991452991453,0,0,1,0,1,0,248143.4108564974
0.6923076923076923,0,0,1,0,1,0,233756.47507441358
0.3773504273504273,1,0,0,0,1,0,204756.58839681695
0.4594017094017094,1,0,0,0,1,0,227033.13412391447
0.2542735042735042,1,0,0,0,1,0,171341.76980617072
0.2542735042735042,1,0,0,0,1,0,171341.76980617072
0.26965811965811964,1,0,0,0,1,0,175518.6221300015
0.3876068376068376,1,0,0,0,1,0,207541.15661270416
0.202991452991453,1,0,0,0,1,0,157418.92872673483
0.5311965811965811,0,1,0,0,1,0,233808.30966833833
0.379059829059829,0,1,0,0,1,0,192503.88113267836
0.523076923076923,0,0,1,0,1,0,187811.09951227502
0.8076923076923077,0,0,1,0,1,0,265082.8675031444
0.5495726495726496,0,1,0,0,0,1,286932.7214910373
0.44444444444444436,0,0,1,1,0,0,139710.03223239398
0.26794871794871794,0,1,0,1,0,0,135585.01450248796
0.25811965811965815,0,1,0,1,0,0,132916.46996226278
0.38675213675213677,0,1,0,0,1,0,194592.30729459377
0.49999999999999994,0,1,0,0,1,0,225338.5813450148
0.7931623931623932,0,1,0,0,1,0,304930.82284912356
0.40641025641025635,0,1,0,0,1,0,199929.3963750442
0.2235042735042735,1,0,0,1,0,0,136235.35420042992
0.4269230769230769,0,0,1,0,1,0,161705.77248833264
0.3739316239316239,0,1,0,0,1,0,191111.59702473477
0.22991452991452987,0,1,0,1,0,0,125258.90736857298
0.25683760683760676,0,1,0,1,0,0,132568.39893527684
0.4166666666666667,0,1,0,1,0,0,175961.25363285217
0.31282051282051276,0,1,0,1,0,0,147767.50044699438
0.19615384615384612,1,0,0,1,0,0,128809.8389580641
0.15683760683760684,0,1,0,1,0,0,105418.85883037679
0.16367521367521365,1,0,0,1,0,0,119992.03960775468
0.16239316239316237,1,0,0,1,0,0,119643.96858076878
0.26452991452991453,0,1,0,1,0,0,134656.82509719225
0.24358974358974356,0,1,0,1,0,0,128971.6649897559
0.3376068376068376,1,0,0,1,0,0,167213.67560217486
0.5294871794871794,0,1,0,1,0,0,206591.5040076112
0.14145299145299145,1,0,0,1,0,0,113958.80847333245
0.317094017094017,0,1,0,1,0,0,148927.73720361406
0.27606837606837603,0,1,0,1,0,0,137789.46434006531
0.43931623931623925,0,1,0,1,0,0,182110.50844293635
0.2735042735042735,0,1,0,1,0,0,137093.32228609352
0.097008547008547,1,0,0,1,0,0,101892.34620448797
0.4106837606837606,0,1,0,0,1,0,201089.63313166387
0.7106837606837606,0,1,0,0,0,1,330673.6472155985
0.7055555555555555,0,0,1,0,1,0,237353.20901993453
0.3696581196581196,1,0,0,1,0,0,175915.4512768223
0.4303418803418803,0,1,0,1,0,0,179674.01125403505
0.6252136752136752,0,1,0,1,0,0,232580.80735589162
0.06837606837606836,1,0,0,1,0,0,94118.75993513624
0.2252136752136752,1,0,0,1,0,0,136699.4489030778
0.2525641025641025,0,1,0,1,0,0,131408.1621786572
0.3623931623931624,0,1,0,1,0,0,161226.24682378248
0.3465811965811965,0,1,0,1,0,0,156933.3708242897
0.18589743589743585,1,0,0,1,0,0,126025.2707421769
0.39786324786324784,0,0,1,0,1,0,153816.16254331893
0.19786324786324783,1,0,0,1,0,0,129273.93366071196
0.5799145299145299,0,0,1,1,0,0,176489.53741723724
0.40811965811965806,0,1,0,1,0,0,173640.7801196128
0.30726495726495723,0,1,0,1,0,0,146259.19266338885
0.45726495726495725,0,1,0,0,1,0,213736.2137788182
0.26452991452991453,0,1,0,1,0,0,134656.82509719225
0.3363247863247863,0,1,0,1,0,0,154148.80260840253
0.13418803418803416,0,1,0,1,0,0,99269.60402029258
0.5465811965811966,0,0,1,1,0,0,167439.6907156039
0.4594017094017094,1,0,0,0,1,0,227033.13412391447
0.5243589743589743,0,0,1,0,1,0,188159.1705392609
0.1226495726495726,0,1,0,1,0,0,96136.9647774195
0.11068376068376068,1,0,0,1,0,0,105605.10382567089
0.3282051282051282,0,1,0,1,0,0,151944.3527708252
0.35683760683760685,0,0,1,1,0,0,115925.17872169096
0.06452991452991452,1,0,0,1,0,0,93074.54685417855
0.5880341880341879,0,0,1,0,1,0,205446.69821289385
0.42948717948717946,0,0,1,0,1,0,162401.9145423044
0.20042735042735038,0,1,0,1,0,0,117253.27374789733
0.3957264957264957,0,1,0,1,0,0,170276.0935254158
0.24230769230769228,0,1,0,1,0,0,128623.59396277
0.29615384615384616,0,1,0,0,1,0,169995.288054257
0.5115384615384615,0,1,0,0,1,0,228471.2205878879
0.2636752136752137,1,0,0,0,1,0,173894.290670734
0.358974358974359,0,1,0,0,1,0,187050.768376566
0.1538461538461538,1,0,0,1,0,0,117323.49506752945
0.4645299145299145,0,1,0,0,1,0,215708.6162650716
0.17991452991452989,0,1,0,1,0,0,111684.13731612297
0.11581196581196579,0,1,0,1,0,0,94280.58596682805
0.5867521367521367,0,1,0,0,1,0,248891.3875043939
0.638034188034188,0,0,1,0,1,0,219021.4682653439
0.01495726495726496,1,0,0,1,0,0,79615.80047739048
0.16538461538461535,0,1,0,1,0,0,107739.33234361612
0.2525641025641025,0,1,0,1,0,0,131408.1621786572
0.22008547008547008,1,0,0,1,0,0,135307.16479513422
0.2098290598290598,0,1,0,1,0,0,119805.79461246058
0.15170940170940167,0,1,0,1,0,0,104026.5747224332
0.2952991452991453,1,0,0,0,1,0,182480.0426697195
0.10726495726495722,1,0,0,1,0,0,104676.91442037515
0.4534188034188034,0,1,0,1,0,0,185939.28973978126
0.6529914529914529,0,0,1,1,0,0,196329.58595543343
0.44743589743589746,0,1,0,0,1,0,211067.66923859296
0.25042735042735037,1,0,0,0,1,0,170297.556725213
0.2145299145299145,1,0,0,1,0,0,133798.85701152863
0.14829059829059826,0,1,0,1,0,0,103098.38531713746
0.4448717948717949,1,0,0,0,1,0,223088.32915140764
0.5602564102564103,0,1,0,0,1,0,241697.91961335205
0.2905982905982906,0,1,0,0,1,0,168486.98027065143
0.3166666666666666,0,1,0,0,1,0,175564.42448603135
0.2602564102564103,1,0,0,0,1,0,172966.10126543825
0.35854700854700855,0,1,0,0,1,0,186934.74470090403
0.28162393162393157,1,0,0,1,0,0,152014.5740904573
0.3525641025641026,0,1,0,0,1,0,185310.4132416365
0.31581196581196574,0,1,0,0,1,0,175332.3771347074
0.14529914529914528,1,0,0,1,0,0,115003.02155429014
0.2081196581196581,0,1,0,1,0,0,119341.69990981273
0.2081196581196581,0,1,0,1,0,0,119341.69990981273
0.2081196581196581,0,1,0,1,0,0,119341.69990981273
0.11495726495726494,0,1,0,1,0,0,94048.53861550412
0.09743589743589742,1,0,0,1,0,0,102008.36988014994
0.2858974358974358,0,1,0,1,0,0,140458.00888029052
0.5119658119658119,0,1,0,0,1,0,228587.24426354986
0.5094017094017094,0,1,0,0,1,0,227891.10220957806
0.11837606837606834,1,0,0,1,0,0,107693.52998758627
0.3542735042735043,0,0,1,0,1,0,141981.74762579842
0.4286324786324786,0,1,0,0,1,0,205962.62750946646
0.717094017094017,0,0,1,0,1,0,240485.84826280762
0.4371794871794871,0,1,0,0,1,0,208283.10102270578
0.37307692307692303,1,0,0,0,1,0,203596.35164019727
0.4824786324786325,1,0,0,0,1,0,233298.41260966065
0.33205128205128204,0,1,0,0,1,0,179741.27680986212
0.44059829059829053,0,1,0,0,1,0,209211.2904280015
0.3893162393162393,0,1,0,0,1,0,195288.4493485656
0.24999999999999994,0,1,0,0,1,0,157464.73108276463
0.5679487179487179,0,1,0,0,1,0,243786.34577526743
0.6175213675213675,0,0,1,0,1,0,213452.3318335695
0.45555555555555555,0,1,0,0,1,0,213272.11907617032
0.8837606837606837,0,0,1,0,1,0,285735.0817709744
0.4709401709401709,0,1,0,0,1,0,217448.97140000112
0.5465811965811966,0,1,0,0,1,0,237985.16199216913
0.5423076923076924,0,1,0,0,1,0,236824.92523554948
0.5153846153846153,0,1,0,0,1,0,229515.4336688456
0.43418803418803414,0,1,0,0,1,0,207470.93529307202
0.21837606837606838,0,1,0,0,1,0,148878.97908377915
0.2512820512820512,0,1,0,0,1,0,157812.8021097505
0.2457264957264957,1,0,0,1,0,0,142268.58533485216
0.19017094017094016,0,1,0,1,0,0,114468.70553201015
0.11068376068376068,0,1,0,1,0,0,92888.30185888446
0.11068376068376068,0,1,0,1,0,0,92888.30185888446
0.16324786324786322,1,0,0,1,0,0,119876.0159320927
0.16324786324786322,1,0,0,1,0,0,119876.0159320927
0.40299145299145295,0,1,0,0,1,0,199001.20696974848
0.1923076923076923,1,0,0,0,1,0,154518.33683518565
0.36367521367521366,0,1,0,0,1,0,188327.02880884762
0.40299145299145295,0,1,0,0,1,0,199001.20696974848
0.36367521367521366,0,1,0,0,1,0,188327.02880884762
0.0987179487179487,1,0,0,1,0,0,102356.44090713584
0.22008547008547008,0,1,0,1,0,0,122590.36282834777
0.9260683760683761,0,0,1,0,0,1,345356.81943074346
0.891025641025641,0,1,0,0,1,0,331500.24457571376
0.6047008547008548,0,1,0,0,1,0,253764.38188219653
0.8841880341880342,1,0,0,0,1,0,342360.66773190873
0.48333333333333334,0,1,0,0,1,0,220813.65799419815
0.502991452991453,0,1,0,0,1,0,226150.7470746486
0.4863247863247863,0,1,0,0,1,0,221625.8237238319
0.3957264957264957,1,0,0,0,1,0,209745.6064502815
0.514102564102564,0,1,0,0,1,0,229167.36264185968
0.49358974358974356,0,1,0,0,1,0,223598.22621008533
0.7893162393162394,0,1,0,0,1,0,303886.60976816586
0.767094017094017,0,0,1,0,0,1,302196.012084492
0.42777777777777776,0,1,0,0,1,0,205730.58015814252
0.3217948717948718,1,0,0,0,1,0,189673.51056076138
0.3217948717948718,1,0,0,0,1,0,189673.51056076138
0.8064102564102564,1,0,0,0,1,0,321244.35876143095
0.6816239316239316,0,1,0,0,1,0,274648.6435013504
0.5465811965811966,1,0,0,0,1,0,250701.96395895554
0.36367521367521366,1,0,0,0,1,0,201043.83077563404
0.473076923076923,0,1,0,0,1,0,218029.08977831094
0.34188034188034183,1,0,0,0,1,0,195126.62331687377
0.36367521367521366,0,1,0,0,1,0,188327.02880884762
0.37820512820512814,0,1,0,0,1,0,192271.83378135445
0.26282051282051283,1,0,0,0,1,0,173662.24331941007
0.32863247863247863,0,1,0,0,1,0,178813.0874045664
0.438034188034188,0,1,0,0,1,0,208515.1483740297
0.42264957264957265,0,1,0,0,1,0,204338.29605019896
0.3777777777777777,0,1,0,0,1,0,192155.81010569248
0.3149572649572649,0,1,0,0,1,0,175100.32978338347
0.5978632478632477,0,0,1,0,1,0,208115.24275311903
0.32863247863247863,0,1,0,0,1,0,178813.0874045664
0.38846153846153847,0,1,0,0,1,0,195056.40199724166
0.3525641025641026,0,1,0,0,1,0,185310.4132416365
0.7294871794871796,0,0,1,0,1,0,243850.53485700468
0.3525641025641026,0,1,0,0,1,0,185310.4132416365
0.8897435897435897,0,0,1,0,1,0,287359.4132302419
0.6230769230769231,0,1,0,0,1,0,258753.39993566106
0.6222222222222222,0,1,0,0,1,0,258521.35258433712
0.6952991452991453,0,1,0,0,1,0,278361.4011225333
0.4662393162393162,0,1,0,0,1,0,216172.7109677195
0.45,0,1,0,0,1,0,211763.8112925648
0.46880341880341875,0,1,0,0,1,0,216868.85302169126
0.35341880341880344,0,1,0,0,1,0,185542.46059296044
0.8055555555555556,1,0,0,0,1,0,321012.31141010695
0.35512820512820514,0,1,0,0,1,0,186006.5552956083
0.34059829059829055,0,1,0,0,1,0,182061.75032310144
0.3952991452991453,0,1,0,0,1,0,196912.7808078331
0.36025641025641025,1,0,0,0,1,0,200115.64137033833
0.5085470085470085,0,1,0,0,1,0,227659.05485825415
0.526068376068376,0,1,0,0,1,0,232416.02556039474
0.4517094017094017,0,1,0,0,1,0,212227.9059952126
0.4051282051282051,0,1,0,0,1,0,199581.3253480583
0.4478632478632479,0,1,0,0,1,0,211183.69291425496
0.261965811965812,0,1,0,1,0,0,133960.68304322043
0.22905982905982902,0,1,0,1,0,0,125026.86001724906
0.23632478632478632,0,1,0,1,0,0,126999.26250350248
0.5158119658119658,0,1,0,0,1,0,229631.45734450757
0.3876068376068376,0,1,0,0,1,0,194824.35464591772
0.21752136752136747,0,1,0,1,0,0,121894.22077437596
0.21752136752136747,0,1,0,1,0,0,121894.22077437596
0.21752136752136747,0,1,0,0,1,0,148646.9317324552
0.3611111111111111,1,0,0,0,1,0,200347.68872166227
0.6482905982905982,0,0,1,0,1,0,221806.03648123107
0.4807692307692308,0,1,0,0,1,0,220117.51594022635
0.31068376068376063,1,0,0,0,1,0,186656.89499355026
0.39957264957264954,0,1,0,0,1,0,198073.01756445278
0.3397435897435897,0,1,0,0,1,0,181829.70297177753
0.5457264957264958,0,0,1,0,1,0,193960.35432235926
0.16025641025641024,0,1,0,1,0,0,106347.04823567253
0.11068376068376068,0,1,0,1,0,0,92888.30185888446
0.11068376068376068,1,0,0,1,0,0,105605.10382567089
0.17735042735042733,0,1,0,0,1,0,137740.70622023044
0.13119658119658117,0,1,0,1,0,0,98457.43829065883
0.13119658119658117,0,1,0,1,0,0,98457.43829065883
0.6021367521367522,1,0,0,0,1,0,265785.04179501114
0.49145299145299143,0,1,0,0,1,0,223018.1078317755
1.0256410256410258,0,1,0,0,1,0,368047.7024092331
0.4790598290598291,1,0,0,0,1,0,232370.2232043649
0.3876068376068376,1,0,0,0,1,0,207541.15661270416
0.36196581196581196,0,1,0,0,1,0,187862.93410619977
0.46538461538461534,1,0,0,0,1,0,228657.465583182
0.48504273504273504,1,0,0,1,0,0,207241.84370555315
0.8094017094017094,0,0,1,0,1,0,265546.9622057923
0.6247863247863248,0,1,0,0,1,0,259217.4946383089
0.31239316239316234,0,1,0,0,1,0,174404.18772941167
0.2611111111111111,0,1,0,1,0,0,133728.63569189652
0.7192307692307691,0,0,1,1,0,0,214313.25568303818
0.11068376068376068,1,0,0,1,0,0,105605.10382567089
0.41153846153846146,0,1,0,1,0,0,174568.96952490855
0.6222222222222222,0,0,1,0,1,0,214728.59226585116
0.3055555555555555,0,1,0,0,1,0,172547.80891882023
0.12350427350427345,1,0,0,1,0,0,109085.81409552986
0.11068376068376068,0,1,0,1,0,0,92888.30185888446
0.3235042735042735,0,1,0,1,0,0,150668.09233854356
0.47991452991452993,0,1,0,0,1,0,219885.4685889024
0.30256410256410254,0,1,0,1,0,0,144982.9322311072
0.2935897435897436,0,1,0,1,0,0,142546.43504220594
0.6559829059829059,0,0,1,0,1,0,223894.46264314646
0.414957264957265,0,0,1,1,0,0,131704.39861171835
0.15170940170940167,1,0,0,1,0,0,116743.37668921961
0.46410256410256406,1,0,0,1,0,0,201556.68359811683
0.3623931623931624,0,1,0,0,1,0,187978.9577818617
0.41111111111111104,1,0,0,0,1,0,213922.45877411228
0.2303418803418803,0,1,0,1,0,0,125374.93104423495
0.30940170940170936,0,1,0,1,0,0,146839.31104169867
0.16367521367521365,0,1,0,0,1,0,134027.9485990475
0.25512820512820505,0,1,0,1,0,0,132104.30423262896
0.33205128205128204,0,1,0,1,0,0,152988.56585178289
0.2542735042735042,0,1,0,1,0,0,131872.25688130505
0.538888888888889,0,0,1,0,1,0,192103.97551176779
0.19529914529914527,0,1,0,1,0,0,115860.98963995374
0.21666666666666662,1,0,0,1,0,0,134378.97538983845
0.08034188034188033,1,0,0,1,0,0,97367.42285367129
0.18205128205128202,1,0,0,1,0,0,124981.05766121921
0.25854700854700857,1,0,0,1,0,0,145749.29560471117
0.394017094017094,0,1,0,1,0,0,169811.99882276796
0.2542735042735042,0,1,0,1,0,0,131872.25688130505
0.07991452991452991,1,0,0,1,0,0,97251.39917800933
0.31923076923076915,0,0,1,0,1,0,132467.80622151718
0.18547008547008542,1,0,0,1,0,0,125909.24706651494
0.20213675213675208,0,1,0,1,0,0,117717.36845054518
0.7572649572649572,0,1,0,0,1,0,295184.83409351844
0.46367521367521364,0,0,1,0,1,0,171683.8085952617
-0.0025641025641026105,1,0,0,1,0,0,74858.82977524986
0.10299145299145296,1,0,0,1,0,0,103516.67766375549
0.3311965811965812,0,1,0,1,0,0,152756.51850045894
0.18589743589743585,0,1,0,1,0,0,113308.46877539047
0.14786324786324784,1,0,0,1,0,0,115699.16360826194
0.21367521367521364,0,1,0,1,0,0,120850.00769341827
0.22948717948717945,1,0,0,1,0,0,137859.68565969745
0.22564102564102562,0,1,0,1,0,0,124098.67061195333
0.18632478632478627,0,1,0,1,0,0,113424.49245105244
0.05427350427350425,1,0,0,1,0,0,90289.97863829136
0.24700854700854696,0,1,0,1,0,0,129899.85439505162
0.3658119658119658,0,0,1,0,1,0,145114.3868686715
0.38034188034188027,0,1,0,1,0,0,166099.24120158504
0.5132478632478632,0,0,1,1,0,0,158389.84401397055
0.14358974358974358,1,0,0,1,0,0,114538.92685164227
0.18803418803418803,0,1,0,1,0,0,113888.58715370033
0.33034188034188033,0,1,0,1,0,0,152524.47114913503
0.5722222222222222,0,0,1,0,1,0,201153.8222134011
0.29957264957264956,0,1,0,1,0,0,144170.76650147347
0.36709401709401707,0,1,0,0,1,0,189255.21821414336
0.4072649572649572,0,1,0,1,0,0,173408.7327682889
0.4683760683760683,0,0,1,0,1,0,172960.06902754336
0.3598290598290598,0,1,0,1,0,0,160530.10476981068
0.30897435897435893,0,1,0,1,0,0,146723.2873660367
0.1094017094017094,1,0,0,1,0,0,105257.03279868499
0.07991452991452991,1,0,0,1,0,0,97251.39917800933
0.38675213675213677,0,1,0,0,1,0,194592.30729459377
0.599145299145299,0,1,0,0,1,0,252256.0740985909
0.2918803418803419,0,1,0,1,0,0,142082.34033955808
0.09017094017094013,1,0,0,1,0,0,100035.96739389651
0.3739316239316239,0,1,0,1,0,0,164358.88606665554
0.39145299145299145,0,0,1,1,0,0,125323.0964503102
0.08205128205128204,1,0,0,1,0,0,97831.51755631916
0.35341880341880344,0,1,0,1,0,0,158789.7496348812
0.4482905982905983,0,1,0,0,1,0,211299.7165899169
0.22948717948717945,0,1,0,1,0,0,125142.88369291103
0.16666666666666663,1,0,0,1,0,0,120804.20533738844
0.41752136752136754,0,1,0,0,1,0,202946.01194225537
0.19957264957264953,1,0,0,1,0,0,129738.02836335982
0.49700854700854696,0,1,0,0,1,0,224526.41561538106
0.5722222222222222,0,1,0,0,1,0,244946.58253188708
0.6508547008547008,0,0,1,0,1,0,222502.17853520287
0.5662393162393162,0,0,1,0,1,0,199529.4907541336
0.3512820512820513,0,1,0,1,0,0,158209.63125657136
0.4534188034188034,0,1,0,1,0,0,185939.28973978126
0.341025641025641,0,1,0,1,0,0,155425.06304068415
0.04230769230769227,1,0,0,1,0,0,87041.3157197563
0.2542735042735042,0,1,0,0,0,1,206760.3616086187
0.23376068376068376,1,0,0,0,1,0,165772.63337439636
0.21666666666666662,0,0,1,0,1,0,104622.12406264534
0.191025641025641,0,1,0,1,0,0,114700.75288333409
0.1833333333333333,0,1,0,1,0,0,112612.32672141868
0.4995726495726495,0,0,1,0,1,0,181429.7973508669
0.22777777777777775,0,1,0,1,0,0,124678.78899026316
0.6264957264957265,0,0,1,1,0,0,189136.11806439157
0.023504273504273476,1,0,0,1,0,0,81936.2739906298
0.33247863247863246,1,0,0,1,0,0,165821.39149423127
0.19999999999999996,1,0,0,1,0,0,129854.05203902179
0.4418803418803418,0,1,0,1,0,0,182806.65049690814
0.20683760683760682,0,1,0,1,0,0,118993.62888282683
0.18974358974358974,1,0,0,0,1,0,153822.19478121385
0.3132478632478632,1,0,0,1,0,0,160600.3260894428
0.5444444444444445,0,1,0,0,1,0,237405.0436138593
0.6029914529914531,0,0,1,1,0,0,182754.81590298345
0.3974358974358974,0,0,1,0,1,0,153700.138867657
0.38803418803418804,0,0,1,0,1,0,151147.61800309375
0.4764957264957265,0,1,0,0,1,0,218957.2791836067
0.36880341880341877,0,1,0,0,1,0,189719.31291679118
0.5269230769230768,0,1,0,0,1,0,232648.07291171866
0.29273504273504275,1,0,0,0,1,0,181783.90061574767
0.2773504273504273,1,0,0,0,1,0,177607.0482919169
0.38162393162393154,0,1,0,0,1,0,193200.02318665019
0.34914529914529907,0,1,0,0,1,0,184382.22383634077
0.49316239316239313,0,1,0,0,1,0,223482.20253442336
0.1645299145299145,0,1,0,1,0,0,107507.28499229217
0.36666666666666664,0,1,0,0,1,0,189139.19453848136
0.49871794871794867,0,1,0,0,1,0,224990.51031802892
0.35854700854700855,0,1,0,0,1,0,186934.74470090403
0.379059829059829,0,1,0,0,1,0,192503.88113267836
0.12905982905982905,0,1,0,1,0,0,97877.319912349
0.13205128205128203,1,0,0,1,0,0,111406.28760876918
0.4299145299145299,0,1,0,0,1,0,206310.69853645237
0.6747863247863248,0,0,1,0,1,0,228999.504372273
0.47863247863247865,0,1,0,0,1,0,219537.39756191653
0.5405982905982907,0,1,0,0,1,0,236360.83053290163
0.38803418803418804,1,0,0,0,1,0,207657.1802883661
0.5226495726495726,0,1,0,0,1,0,231487.836155099
0.34700854700854694,0,1,0,0,1,0,183802.10545803094
0.42606837606837605,0,1,0,0,1,0,205266.48545549467
0.338034188034188,0,1,0,0,1,0,181365.60826912965
0.23247863247863243,0,1,0,1,0,0,125955.04942254478
0.19957264957264953,1,0,0,1,0,0,129738.02836335982
0.11581196581196579,0,1,0,1,0,0,94280.58596682805
0.3260683760683761,0,1,0,1,0,0,151364.23439251535
0.40811965811965806,1,0,0,1,0,0,186357.58208639926
0.29615384615384616,0,1,0,1,0,0,143242.57709617773
0.28333333333333327,0,1,0,1,0,0,139761.86682631873
0.2722222222222222,0,1,0,1,0,0,136745.2512591076
0.26794871794871794,0,1,0,1,0,0,135585.01450248796
0.26623931623931624,0,1,0,1,0,0,135120.9197998401
0.41111111111111104,1,0,0,1,0,0,187169.74781603302
0.2854700854700854,1,0,0,1,0,0,153058.787171415
0.21666666666666662,1,0,0,1,0,0,134378.97538983845
0.4085470085470085,0,1,0,0,1,0,200509.51475335404
0.3923076923076923,0,1,0,0,1,0,196100.61507819936
0.555982905982906,0,1,0,1,0,0,213784.97189865314
0.18247863247863244,1,0,0,1,0,0,125097.08133688118
0.26666666666666666,1,0,0,1,0,0,147953.74544228852
0.26666666666666666,1,0,0,1,0,0,147953.74544228852
0.5884615384615384,0,1,0,0,1,0,249355.4822070418
0.7521367521367521,0,1,0,0,1,0,293792.5499855748
-0.014102564102564136,1,0,0,1,0,0,71726.19053237679
0.44572649572649575,1,0,0,0,1,0,223320.37650273155
0.6183760683760684,0,1,0,0,1,0,257477.13950337944
0.13717948717948714,1,0,0,1,0,0,112798.57171671277
0.2914529914529915,1,0,0,1,0,0,154683.11863068253
0.4230769230769231,1,0,0,0,1,0,217171.12169264734
0.6115384615384616,0,1,0,0,1,0,255620.760692788
0.44273504273504266,0,1,0,0,1,0,209791.40880631132
0.6974358974358974,0,1,0,0,1,0,278941.51950084313
0.37350427350427345,0,1,0,0,1,0,190995.57334907283
0.6021367521367522,0,1,0,0,1,0,253068.23982822473
0.5867521367521367,1,0,0,0,1,0,261608.18947118032
0.17222222222222222,0,1,0,1,0,0,109595.71115420759
0.3414529914529914,0,1,0,0,1,0,182293.79767442535
0.08162393162393161,1,0,0,1,0,0,97715.49388065719
0.20769230769230768,1,0,0,1,0,0,131942.47820093718
0.11880341880341877,1,0,0,1,0,0,107809.55366324824
0.2914529914529915,0,1,0,1,0,0,141966.3166638961
0.43888888888888883,0,0,1,1,0,0,138201.72444878845
0.4269230769230769,0,1,0,0,1,0,205498.5328068186
0.3696581196581196,0,1,0,0,1,0,189951.36026811512
0.4269230769230769,0,1,0,0,1,0,205498.5328068186
0.44059829059829053,0,1,0,0,1,0,209211.2904280015
0.3329059829059829,0,1,0,0,1,0,179973.32416118606
0.2884615384615385,1,0,0,0,1,0,180623.66385912802
0.43931623931623925,0,1,0,0,1,0,208863.2194010156
0.47179487179487173,0,1,0,0,1,0,217681.01875132503
0.31282051282051276,1,0,0,0,1,0,187237.01337186008
0.5465811965811966,1,0,0,0,1,0,250701.96395895554
0.3713675213675213,0,1,0,1,0,0,163662.74401268375
0.47222222222222215,1,0,0,0,1,0,230513.84439377344
0.3773504273504273,0,1,0,0,1,0,192039.78643003054
0.4628205128205128,1,0,0,0,1,0,227961.3235292102
0.27991452991452986,0,1,0,0,1,0,165586.38837910225
0.6235042735042735,0,1,0,0,1,0,258869.42361132303
0.502991452991453,0,1,0,0,1,0,226150.7470746486
0.258974358974359,0,1,0,0,1,0,159901.22827166592
0.614957264957265,0,1,0,0,1,0,256548.9500980837
0.3004273504273504,0,1,0,1,0,0,144402.81385279738
0.9551282051282051,0,0,1,0,1,0,305111.0356065227
0.35854700854700855,1,0,0,0,1,0,199651.54666769045
0.7414529914529915,0,0,1,0,1,0,247099.1977755397
0.5072649572649572,0,0,1,0,1,0,183518.22351278225
0.14145299145299145,1,0,0,1,0,0,113958.80847333245
0.11068376068376068,0,1,0,1,0,0,92888.30185888446
0.16324786324786322,1,0,0,1,0,0,119876.0159320927
0.16324786324786322,1,0,0,1,0,0,119876.0159320927
0.29786324786324786,0,1,0,0,1,0,170459.38275690484
0.36367521367521366,0,0,1,0,1,0,144534.2684903617
0.1923076923076923,1,0,0,0,1,0,154518.33683518565
0.41752136752136754,0,1,0,0,1,0,202946.01194225537
0.7944444444444445,0,0,1,0,1,0,261486.1335576235
0.5747863247863247,1,0,0,0,1,0,258359.5265526453
0.9158119658119659,0,0,1,0,1,0,294436.85744562186
0.9337606837606838,0,0,1,0,1,0,299309.85182342445
0.7376068376068377,0,1,0,0,1,0,289847.74501306796
0.6337606837606837,0,0,1,0,1,0,217861.23150872425
0.7380341880341881,0,0,1,0,1,0,246171.00837024397
0.41452991452991456,1,0,0,0,1,0,214850.64817940805
0.8735042735042735,0,0,1,0,1,0,282950.5135550872
0.891025641025641,0,0,1,0,1,0,287707.4842572278
0.538888888888889,1,0,0,0,1,0,248613.5377970402
0.32564102564102565,1,0,0,0,1,0,190717.7236417191
0.5106837606837606,1,0,0,0,1,0,240955.9752033504
0.3149572649572649,1,0,0,0,1,0,187817.1317501699
0.3149572649572649,1,0,0,0,1,0,187817.1317501699
0.4363247863247863,1,0,0,0,1,0,220767.8556381683
0.36324786324786323,1,0,0,0,1,0,200927.8070999721
0.414957264957265,1,0,0,0,1,0,214966.67185507
0.2739316239316239,1,0,0,0,1,0,176678.85888662116
0.3888888888888889,0,1,0,0,1,0,195172.4256729036
0.4764957264957265,0,1,0,0,1,0,218957.2791836067
0.5901709401709401,0,0,1,0,1,0,206026.81659120368
0.3217948717948718,1,0,0,0,1,0,189673.51056076138
0.55,0,1,0,0,1,0,238913.35139746487
0.34572649572649566,0,1,0,0,1,0,183454.03443104503
0.7337606837606838,0,0,1,0,1,0,245010.77161362433
0.44700854700854703,0,1,0,0,1,0,210951.64556293102
0.6811965811965812,0,1,0,0,1,0,274532.6198256884
0.6696581196581197,0,0,1,0,1,0,227607.2202643294
0.5987179487179486,1,0,0,0,1,0,264856.8523897154
0.6495726495726495,0,0,1,0,1,0,222154.10750821696
0.8102564102564103,0,0,1,0,1,0,265779.00955711625
0.6803418803418804,0,0,1,0,1,0,230507.81215587855
0.41581196581196583,0,1,0,0,1,0,202481.9172396075
0.5367521367521366,0,1,0,0,0,1,283452.0112211782
0.5423076923076924,0,1,0,0,1,0,236824.92523554948
0.36538461538461536,0,1,0,0,1,0,188791.12351149548
0.3277777777777778,0,1,0,0,1,0,178581.04005324247
0.45085470085470086,0,1,0,0,1,0,211995.85864388873
0.261965811965812,1,0,0,0,1,0,173430.19596808613
0.4662393162393162,0,1,0,0,1,0,216172.7109677195
0.45213675213675214,0,1,0,0,1,0,212343.9296708746
0.24358974358974356,0,1,0,1,0,0,128971.6649897559
0.23803418803418802,0,1,0,0,1,0,154216.0681642296
0.42905982905982903,0,1,0,0,1,0,206078.65118512843
0.4594017094017094,0,1,0,0,1,0,214316.33215712802
0.4495726495726496,0,1,0,0,1,0,211647.7876169028
0.4581196581196581,0,1,0,0,1,0,213968.26113014214
0.48376068376068376,0,1,0,0,1,0,220929.68166986012
0.16196581196581195,0,1,0,1,0,0,106811.14293832038
0.11068376068376068,0,1,0,1,0,0,92888.30185888446
0.12179487179487175,0,1,0,1,0,0,95904.91742609558
0.11068376068376068,0,1,0,1,0,0,92888.30185888446
0.3525641025641026,0,1,0,0,1,0,185310.4132416365
0.44273504273504266,0,0,1,0,1,0,165998.64848782535
0.888034188034188,0,0,1,0,1,0,286895.3185275941
0.9320512820512821,0,0,1,0,1,0,298845.7571207766
0.2542735042735042,1,0,0,0,1,0,171341.76980617072
0.3363247863247863,1,0,0,0,1,0,193618.3155332682
0.4034188034188034,0,1,0,0,1,0,199117.23064541045
0.4414529914529914,1,0,0,0,1,0,222160.13974611188
0.3478632478632478,1,0,0,1,0,0,169998.24381806204
0.4068376068376068,1,0,0,0,1,0,212762.22201749263
0.3414529914529914,0,1,0,0,1,0,182293.79767442535
0.505982905982906,0,1,0,0,1,0,226962.91280428236
0.41923076923076924,0,1,0,0,1,0,203410.1066449032
0.4282051282051282,0,1,0,0,1,0,205846.6038338045
0.764102564102564,1,0,0,0,1,0,309758.01487089624
0.9995726495726496,0,1,0,0,1,0,360970.2581938532
0.45555555555555555,0,1,0,0,0,1,261407.51284540477
0.5158119658119658,0,1,0,0,1,0,229631.45734450757
0.3512820512820513,0,0,1,0,1,0,141169.58189616466
0.48504273504273504,0,0,1,1,0,0,150732.28142028078
0.4337606837606837,0,0,1,0,1,0,163562.15129892412
0.43589743589743585,0,0,1,0,1,0,164142.26967723394
0.36709401709401707,0,0,1,1,0,0,118709.74693757814
0.1367521367521367,0,1,0,1,0,0,99965.74607426437
0.4551282051282051,0,0,1,1,0,0,142610.62412394315
0.17478632478632478,1,0,0,1,0,0,123008.6551749658
0.21752136752136747,0,1,0,1,0,0,121894.22077437596
0.21923076923076923,0,1,0,1,0,0,122358.31547702385
0.12863247863247862,1,0,0,1,0,0,110478.09820347346
0.3807692307692307,0,1,0,0,1,0,192967.97583532624
0.31282051282051276,0,1,0,1,0,0,147767.50044699438
0.18418803418803414,0,1,0,1,0,0,112844.37407274262
0.5910256410256409,0,0,1,0,1,0,206258.86394252762
0.24401709401709398,0,1,0,1,0,0,129087.68866541787
0.35683760683760685,1,0,0,0,1,0,199187.4519650426
0.4123931623931623,0,1,0,1,0,0,174801.0168762325
0.2132478632478632,0,1,0,1,0,0,120733.9840177563
0.11837606837606834,1,0,0,1,0,0,107693.52998758627
0.23376068376068376,0,1,0,1,0,0,126303.12044953069
0.1474358974358974,1,0,0,1,0,0,115583.13993259997
0.5064102564102564,0,1,0,0,1,0,227078.9364799443
0.49529914529914526,0,0,1,0,1,0,180269.5605942472
0.23675213675213674,0,1,0,1,0,0,127115.28617916445
0.028632478632478586,1,0,0,1,0,0,83328.55809857338
0.35512820512820514,0,1,0,1,0,0,159253.84433752904
0.1876068376068376,0,1,0,1,0,0,113772.56347803836
0.3021367521367521,0,1,0,1,0,0,144866.90855544526
0.20341880341880342,0,1,0,1,0,0,118065.4394775311
0.11581196581196579,1,0,0,1,0,0,106997.38793361447
0.27820512820512816,0,1,0,1,0,0,138369.58271837514
0.1803418803418803,0,1,0,1,0,0,111800.16099178493
0.3055555555555555,0,1,0,0,1,0,172547.80891882023
0.16196581196581195,1,0,0,1,0,0,119527.94490510681
0.28760683760683753,0,0,1,1,0,0,97129.34326445244
0.4200854700854701,0,1,0,1,0,0,176889.4430381479
0.09401709401709402,1,0,0,1,0,0,101080.18047485422
0.2188034188034188,0,1,0,1,0,0,122242.29180136188
0.22564102564102562,0,1,0,1,0,0,124098.67061195333
0.3068376068376068,0,1,0,1,0,0,146143.16898772688
0.32264957264957267,1,0,0,1,0,0,163152.84695400606
0.028632478632478586,1,0,0,1,0,0,83328.55809857338
0.36367521367521366,0,0,1,1,0,0,117781.55753228243
0.42264957264957265,0,1,0,0,1,0,204338.29605019896
0.44914529914529916,1,0,0,0,1,0,224248.5659080273
0.48504273504273504,1,0,0,1,0,0,207241.84370555315
0.1803418803418803,1,0,0,1,0,0,124516.96295857136
0.35512820512820514,0,1,0,0,1,0,186006.5552956083
0.12564102564102564,1,0,0,1,0,0,109665.9324738397
0.202991452991453,0,1,0,1,0,0,117949.41580186914
0.38205128205128197,0,1,0,1,0,0,166563.3359042329
0.4367521367521367,0,0,1,0,1,0,164374.31702855782
0.3611111111111111,0,1,0,1,0,0,160878.17579679657
0.17606837606837605,1,0,0,1,0,0,123356.7262019517
0.7457264957264957,0,0,1,0,1,0,248259.43453215936
0.39957264957264954,0,1,0,1,0,0,171320.30660637352
0.20555555555555555,1,0,0,1,0,0,131362.35982262736
0.16196581196581195,1,0,0,1,0,0,119527.94490510681
0.20854700854700853,1,0,0,1,0,0,132174.5255522611
0.22991452991452987,1,0,0,1,0,0,137975.7093353594
0.45427350427350427,0,1,0,1,0,0,186171.33709110518
0.4841880341880342,0,1,0,0,1,0,221045.7053455221
0.25854700854700857,0,1,0,1,0,0,133032.49363792472
0.29273504273504275,0,1,0,1,0,0,142314.38769088202
0.455982905982906,0,1,0,1,0,0,186635.43179375306
0.14700854700854699,1,0,0,1,0,0,115467.116256938
0.3811965811965811,0,1,0,0,1,0,193083.99951098821
0.3149572649572649,1,0,0,0,1,0,187817.1317501699
0.17435897435897435,0,1,0,1,0,0,110175.82953251741
0.2611111111111111,0,1,0,1,0,0,133728.63569189652
0.1243589743589743,1,0,0,1,0,0,109317.86144685379
0.2269230769230769,1,0,0,1,0,0,137163.54360572566
0.5999999999999999,0,0,1,0,1,0,208695.36113142886
0.5542735042735043,0,0,1,0,1,0,196280.82783559855
0.4747863247863247,0,0,1,0,1,0,174700.42416247283
0.42905982905982903,0,1,0,1,0,0,179325.94022704917
0.39786324786324784,0,0,1,1,0,0,127063.4515852397
0.5829059829059828,0,0,1,0,1,0,204054.41410495027
0.3004273504273504,1,0,0,0,1,0,183872.32677766308
0.18589743589743585,1,0,0,1,0,0,126025.2707421769
0.26965811965811964,0,1,0,0,1,0,162801.82016321507
0.31581196581196574,0,1,0,0,1,0,175332.3771347074
0.19188034188034186,0,1,0,1,0,0,114932.80023465802
0.2008547008547008,0,1,0,1,0,0,117369.2974235593
0.2098290598290598,0,1,0,1,0,0,119805.79461246058
0.16538461538461535,0,1,0,1,0,0,107739.33234361612
0.1833333333333333,0,1,0,1,0,0,112612.32672141868
0.19999999999999996,0,1,0,1,0,0,117137.25007223536
0.22264957264957264,1,0,0,1,0,0,136003.30684910598
0.2286324786324786,0,1,0,1,0,0,124910.83634158708
0.15170940170940167,0,1,0,1,0,0,104026.5747224332
0.47692307692307695,0,1,0,0,1,0,219073.30285926865
0.3183760683760683,1,0,0,1,0,0,161992.61019738638
0.12777777777777777,0,1,0,1,0,0,97529.24888536311
0.3927350427350427,0,1,0,0,1,0,196216.6387538613
0.20256410256410257,1,0,0,1,0,0,130550.1940929936
0.3901709401709402,1,0,0,1,0,0,181484.5877085967
0.38632478632478634,0,1,0,1,0,0,167723.57266085257
0.11068376068376068,1,0,0,1,0,0,105605.10382567089
0.2837606837606837,0,1,0,1,0,0,139877.8905019807
0.944017094017094,0,0,1,0,1,0,302094.42003931163
0.4363247863247863,0,1,0,0,1,0,208051.05367138184
0.6816239316239316,0,0,1,0,1,0,230855.88318286446
0.611965811965812,0,1,0,0,1,0,255736.78436844994
0.32094017094017097,0,1,0,0,1,0,176724.66124265103
0.4316239316239316,0,1,0,0,1,0,206774.7932391002
0.714102564102564,0,1,0,0,1,0,283466.44285165984
0.4961538461538461,0,1,0,0,1,0,224294.36826405712
0.3871794871794872,0,1,0,0,1,0,194708.33097025577
0.4435897435897435,1,0,0,0,1,0,222740.2581244217
0.1645299145299145,0,1,0,1,0,0,107507.28499229217
0.34743589743589737,0,1,0,0,1,0,183918.12913369288
0.49829059829059824,0,1,0,0,1,0,224874.48664236694
0.44743589743589746,0,1,0,0,1,0,211067.66923859296
0.5205128205128204,0,1,0,0,1,0,230907.71777678918
0.24316239316239313,0,1,0,1,0,0,128855.64131409393
0.20128205128205123,0,1,0,1,0,0,117485.32109922126
0.4072649572649572,1,0,0,0,1,0,212878.24569315457
0.664957264957265,0,1,0,0,1,0,270123.7201505337
0.5735042735042735,0,1,0,0,1,0,245294.653558873
0.5047008547008547,0,1,0,0,1,0,226614.84177729645
0.735897435897436,0,0,1,0,1,0,245590.88999193415
0.49529914529914526,0,1,0,0,1,0,224062.32091273318
0.5269230769230768,1,0,0,0,1,0,245364.87487850507
0.358974358974359,0,1,0,0,1,0,187050.768376566
0.40982905982905976,0,1,0,0,1,0,200857.58578033996
0.3230769230769231,0,1,0,0,1,0,177304.77962096085
0.2081196581196581,0,1,0,1,0,0,119341.69990981273
0.18290598290598287,0,1,0,1,0,0,112496.30304575672
0.22307692307692306,0,1,0,1,0,0,123402.52855798154
0.2188034188034188,0,1,0,1,0,0,122242.29180136188
0.33888888888888885,0,1,0,1,0,0,154844.94466237433
0.23376068376068376,1,0,0,0,1,0,165772.63337439636
0.23376068376068376,1,0,0,0,1,0,165772.63337439636
0.07649572649572645,1,0,0,1,0,0,96323.20977271358
0.19145299145299144,1,0,0,1,0,0,127533.57852578248
0.22735042735042732,0,0,1,1,0,0,80770.00499611523
0.13888888888888884,1,0,0,1,0,0,113262.66641936064
0.2559829059829059,0,1,0,1,0,0,132336.3515839529
0.2935897435897436,0,1,0,1,0,0,142546.43504220594
0.3499999999999999,1,0,0,0,1,0,197331.0731544511
0.561965811965812,0,0,1,0,1,0,198369.2539975139
0.3038461538461538,1,0,0,1,0,0,158047.80522487953
0.28162393162393157,0,1,0,1,0,0,139297.77212367087
0.3876068376068376,0,1,0,0,1,0,194824.35464591772
0.4264957264957265,0,0,1,1,0,0,134837.0378545914
0.5696581196581196,0,0,1,0,1,0,200457.68015942932
0.32863247863247863,0,1,0,1,0,0,152060.37644648715
0.20769230769230768,1,0,0,1,0,0,131942.47820093718
0.541880341880342,0,0,1,1,0,0,166163.4302833223
0.664957264957265,0,1,0,0,1,0,270123.7201505337
0.5525641025641026,0,1,0,0,1,0,239609.49345143666
0.18247863247863244,1,0,0,1,0,0,125097.08133688118
0.13418803418803416,1,0,0,1,0,0,111986.40598707901
0.20726495726495725,0,1,0,1,0,0,119109.65255848879
0.2542735042735042,0,0,1,1,0,0,88079.49656281908
0.44914529914529916,0,1,0,1,0,0,184779.0529831616
0.13119658119658117,1,0,0,1,0,0,111174.24025744526
0.5769230769230769,0,0,1,0,1,0,202430.08264568273
0.05470085470085467,1,0,0,1,0,0,90406.00231395333
0.3230769230769231,1,0,0,1,0,0,163268.87062966803
0.18974358974358974,1,0,0,1,0,0,127069.48382313461
0.11068376068376068,0,1,0,1,0,0,92888.30185888446
0.44572649572649575,1,0,0,0,1,0,223320.37650273155
0.4448717948717949,1,0,0,0,1,0,223088.32915140764
0.6098290598290599,0,1,0,0,0,1,303292.0597593745
0.5192307692307692,0,1,0,0,1,0,230559.64674980327
0.5414529914529915,0,0,1,0,1,0,192800.1175657396
0.4632478632478632,0,1,0,0,1,0,215360.54523808573
0.38290598290598293,1,0,0,0,1,0,206264.8961804225
0.39829059829059826,0,1,0,0,1,0,197724.94653746687
0.5021367521367521,0,1,0,0,1,0,225918.69972332465
0.3576923076923077,0,1,0,0,1,0,186702.6973495801
0.4303418803418803,0,1,0,0,1,0,206426.7222121143
0.38034188034188027,0,1,0,0,1,0,192851.95215966427
0.27820512820512816,0,1,0,0,1,0,165122.2936764544
0.35683760683760685,0,1,0,0,1,0,186470.64999825618
0.45726495726495725,0,1,0,0,1,0,213736.2137788182
0.47991452991452993,0,1,0,0,1,0,219885.4685889024
0.5807692307692307,0,1,0,0,1,0,247267.0560451264
0.31581196581196574,1,0,0,0,1,0,188049.17910149385
0.2081196581196581,1,0,0,1,0,0,132058.50187659916
0.24957264957264952,1,0,0,0,1,0,170065.50937388907
0.2542735042735042,0,1,0,1,0,0,131872.25688130505
0.18589743589743585,0,1,0,1,0,0,113308.46877539047
0.37179487179487175,0,0,1,0,1,0,146738.71832793902
0.16367521367521365,1,0,0,1,0,0,119992.03960775468
0.23717948717948717,0,1,0,1,0,0,127231.30985482641
0.2081196581196581,0,1,0,0,1,0,146094.41086789197
0.09017094017094013,1,0,0,1,0,0,100035.96739389651
0.10256410256410253,0,1,0,1,0,0,90683.8520213071
0.12136752136752132,0,1,0,1,0,0,95788.8937504336
0.526068376068376,0,0,1,0,1,0,188623.26524190878
0.41965811965811967,0,1,0,0,1,0,203526.1303205652
0.3329059829059829,0,1,0,0,1,0,179973.32416118606
0.46538461538461534,0,1,0,0,1,0,215940.66361639556
0.47393162393162386,0,1,0,0,1,0,218261.13712963488
0.4051282051282051,0,1,0,0,1,0,199581.3253480583
0.24871794871794867,0,1,0,0,1,0,157116.66005577875
0.4431623931623931,0,1,0,0,1,0,209907.4324819733
0.2235042735042735,0,1,0,1,0,0,123518.5522336435
0.24529914529914526,1,0,0,0,1,0,168905.27261726942
0.8273504273504273,0,0,1,0,0,1,318555.3503528293
0.7405982905982906,0,0,1,0,1,0,246867.15042421577
0.3499999999999999,0,1,0,1,0,0,157861.56022958545
0.4303418803418803,1,0,0,0,1,0,219143.52417890076
0.6141025641025641,0,1,0,0,1,0,256316.9027467598
0.2901709401709402,0,1,0,0,1,0,168370.95659498946
0.37350427350427345,0,1,0,0,1,0,190995.57334907283
0.45256410256410257,0,1,0,0,1,0,212459.95334653655
0.5662393162393162,0,0,1,0,1,0,199529.4907541336
0.2444444444444444,0,1,0,0,1,0,155956.42329915907
0.3196581196581196,1,0,0,0,1,0,189093.39218245153
0.26282051282051283,1,0,0,0,1,0,173662.24331941007
0.30726495726495723,0,1,0,0,1,0,173011.90362146808
0.5435897435897437,0,0,1,0,1,0,193380.23594404943
0.34914529914529907,0,1,0,1,0,0,157629.5128782615
0.13205128205128203,0,1,0,1,0,0,98689.48564198276
0.13205128205128203,1,0,0,1,0,0,111406.28760876918
0.31282051282051276,1,0,0,0,1,0,187237.01337186008
0.31282051282051276,1,0,0,0,1,0,187237.01337186008
0.2081196581196581,0,1,0,1,0,0,119341.69990981273
0.261965811965812,0,0,1,1,0,0,90167.9227247345
0.1923076923076923,1,0,0,0,1,0,154518.33683518565
0.16367521367521365,0,1,0,1,0,0,107275.23764096825
0.5175213675213675,0,1,0,0,1,0,230095.55204715542
0.46538461538461534,0,1,0,0,1,0,215940.66361639556
0.6482905982905982,1,0,0,0,1,0,278315.59876650345
0.8764957264957265,0,1,0,0,1,0,327555.43960320693
0.8311965811965811,0,0,1,0,1,0,271464.16966455255
0.6158119658119658,1,0,0,0,1,0,269497.7994161941
0.832051282051282,0,1,0,0,1,0,315488.97733436245
0.9200854700854701,0,0,1,0,1,0,295597.0942022415
0.72008547008547,1,0,0,0,1,0,297807.57627771376
0.661111111111111,0,1,0,0,1,0,269079.507069576
0.6388888888888888,0,1,0,0,1,0,263046.2759351538
0.5115384615384615,0,1,0,0,1,0,228471.2205878879
0.7606837606837606,0,1,0,0,1,0,296113.0234988141
0.5183760683760683,0,1,0,0,1,0,230327.59939847936
0.43119658119658116,0,1,0,0,1,0,206658.76956343825
0.47692307692307695,0,1,0,0,1,0,219073.30285926865
0.5226495726495726,0,1,0,0,1,0,231487.836155099
0.3235042735042735,1,0,0,0,1,0,190137.60526340926
0.4055555555555555,1,0,0,0,1,0,212414.1509905067
0.4153846153846154,1,0,0,0,1,0,215082.69553073193
0.30726495726495723,1,0,0,0,1,0,185728.7055882545
0.34188034188034183,1,0,0,0,1,0,195126.62331687377
0.3807692307692307,0,1,0,0,0,1,241103.36960456066
0.39786324786324784,0,1,0,0,1,0,197608.9228618049
0.3645299145299145,0,1,0,0,1,0,188559.07616017153
0.38034188034188027,0,1,0,0,1,0,192851.95215966427
0.4876068376068376,0,1,0,0,1,0,221973.8947508178
0.3081196581196581,0,1,0,0,1,0,173243.95097279202
0.3841880341880342,0,1,0,0,1,0,193896.165240622
0.36367521367521366,0,1,0,0,1,0,188327.02880884762
0.279059829059829,0,1,0,0,1,0,165354.34102777834
0.4205128205128205,1,0,0,0,1,0,216474.97963867552
0.2824786324786324,1,0,0,0,1,0,178999.3323998605
0.21965811965811965,1,0,0,0,1,0,161943.85207755148
0.32863247863247863,0,1,0,0,1,0,178813.0874045664
0.39316239316239315,0,1,0,0,1,0,196332.66242952328
0.33717948717948715,0,1,0,0,1,0,181133.5609178057
0.5739316239316239,0,0,1,0,1,0,201617.91691604897
0.5940170940170939,0,0,1,0,1,0,207071.02967216138
0.46367521367521364,0,1,0,0,1,0,215476.56891374767
0.44401709401709394,0,1,0,0,1,0,210139.47983329723
0.8316239316239316,0,0,1,0,1,0,271580.19334021455
0.844871794871795,0,0,1,0,1,0,275176.9272857355
0.7606837606837606,0,0,1,0,1,0,252320.26318032815
0.6824786324786325,0,0,1,0,1,0,231087.93053418837
0.826068376068376,0,0,1,0,1,0,270071.88555660896
0.3264957264957265,0,1,0,0,1,0,178232.9690262566
0.4004273504273504,0,1,0,0,1,0,198305.0649157767
0.397008547008547,0,1,0,0,1,0,197376.87551048095
0.39444444444444443,0,1,0,0,0,1,244816.12722574358
0.3987179487179487,0,1,0,0,1,0,197840.97021312884
0.38504273504273506,0,1,0,0,1,0,194128.21259194595
0.5863247863247862,0,1,0,0,1,0,248775.36382873196
0.5235042735042734,0,1,0,0,1,0,231719.88350642295
0.3132478632478632,0,1,0,0,1,0,174636.2350807356
0.3119658119658119,0,1,0,0,1,0,174288.1640537497
0.5072649572649572,0,1,0,0,1,0,227310.98383126824
0.4200854700854701,0,1,0,0,0,1,251777.54776546158
0.5448717948717949,0,1,0,0,1,0,237521.06728952128
0.4183760683760684,1,0,0,0,1,0,215894.8612603657
0.4615384615384615,1,0,0,0,1,0,227613.2525022243
0.7854700854700856,0,0,1,0,1,0,259049.63636872222
0.2115384615384615,0,1,0,1,0,0,120269.88931510845
0.22991452991452987,0,1,0,1,0,0,125258.90736857298
0.20897435897435895,0,1,0,1,0,0,119573.74726113665
0.37649572649572643,0,1,0,0,1,0,191807.7390787066
0.5192307692307692,0,1,0,0,1,0,230559.64674980327
0.2824786324786324,1,0,0,1,0,0,152246.62144178123
0.12350427350427345,1,0,0,1,0,0,109085.81409552986
0.18589743589743585,0,1,0,1,0,0,113308.46877539047
0.8111111111111111,0,1,0,0,1,0,309803.8172269261
0.18461538461538457,1,0,0,1,0,0,125677.199715191
0.1923076923076923,1,0,0,1,0,0,127765.6258771064
0.33034188034188033,1,0,0,0,1,0,191993.98407400068
0.23333333333333328,1,0,0,0,1,0,165656.60969873436
0.4102564102564102,1,0,0,0,1,0,213690.41142278834
0.31923076923076915,1,0,0,0,1,0,188977.36850678956
0.4038461538461538,1,0,0,0,1,0,211950.05628785887
0.38290598290598293,0,1,0,0,1,0,193548.0942136361
0.4136752136752137,0,1,0,0,1,0,201901.79886129766
0.3217948717948718,0,1,0,0,1,0,176956.70859397494
0.6166666666666667,0,1,0,0,1,0,257013.0448007316
0.7508547008547009,0,1,0,0,1,0,293444.4789585889
0.7508547008547009,0,1,0,0,1,0,293444.4789585889
0.8085470085470086,1,0,0,0,1,0,321824.4771397407
0.23376068376068376,0,1,0,1,0,0,126303.12044953069
0.7717948717948717,0,0,1,0,1,0,255336.87874753927
0.20384615384615384,0,1,0,1,0,0,118181.46315319306
0.2948717948717949,0,1,0,1,0,0,142894.50606919185
0.42948717948717946,0,1,0,0,1,0,206194.67486079037
0.42264957264957265,1,0,0,0,1,0,217055.0980169854
0.6282051282051282,0,1,0,0,1,0,260145.68404360465
0.20854700854700853,0,1,0,0,1,0,146210.43454355394
0.191025641025641,0,1,0,1,0,0,114700.75288333409
0.2145299145299145,0,1,0,1,0,0,121082.0550447422
0.26452991452991453,1,0,0,0,1,0,174126.3380220579
0.20042735042735038,1,0,0,1,0,0,129970.07571468376
0.24871794871794867,1,0,0,1,0,0,143080.75106448593
0.15341880341880337,0,1,0,1,0,0,104490.66942508105
0.12350427350427345,0,1,0,1,0,0,96369.01212874343
0.2542735042735042,0,1,0,0,1,0,158624.96783938428
0.1867521367521367,0,1,0,0,1,0,140293.22708479367
0.32863247863247863,0,1,0,1,0,0,152060.37644648715
0.44743589743589746,0,1,0,1,0,0,184314.95828051373
0.12948717948717947,1,0,0,1,0,0,110710.14555479739
0.02606837606837603,1,0,0,1,0,0,82632.41604460159
0.027777777777777735,1,0,0,1,0,0,83096.51074724946
0.08675213675213672,1,0,0,1,0,0,99107.77798860078
0.23290598290598286,1,0,0,1,0,0,138787.87506499316
0.40811965811965806,0,0,1,0,1,0,156600.7307592061
0.2884615384615385,0,1,0,0,1,0,167906.86189234158
0.2773504273504273,0,1,0,1,0,0,138137.5353670512
0.14145299145299145,1,0,0,1,0,0,113958.80847333245
0.17222222222222222,0,1,0,1,0,0,109595.71115420759
0.19145299145299144,0,1,0,1,0,0,114816.77655899605
0.2303418803418803,0,1,0,1,0,0,125374.93104423495
0.47692307692307695,0,0,1,1,0,0,148527.83158270342
0.13547008547008543,1,0,0,1,0,0,112334.4770140649
0.3444444444444444,0,1,0,1,0,0,156353.2524459799
0.2611111111111111,0,1,0,1,0,0,133728.63569189652
0.23461538461538461,0,1,0,1,0,0,126535.16780085462
0.40811965811965806,0,0,1,0,1,0,156600.7307592061
0.14658119658119656,1,0,0,1,0,0,115351.09258127604
0.18589743589743585,0,1,0,1,0,0,113308.46877539047
0.1367521367521367,0,1,0,1,0,0,99965.74607426437
0.39957264957264954,0,0,1,1,0,0,127527.54628788756
0.1367521367521367,0,1,0,1,0,0,99965.74607426437
0.4452991452991453,0,1,0,1,0,0,183734.8399022039
0.13632478632478628,1,0,0,1,0,0,112566.52436538885
0.40128205128205124,0,1,0,0,1,0,198537.11226710063
0.47991452991452993,0,1,0,1,0,0,193132.75763082315
0.397008547008547,0,1,0,1,0,0,170624.16455240172
0.44700854700854703,0,0,1,0,1,0,167158.88524444506
0.1209401709401709,0,1,0,1,0,0,95672.87007477164
0.14829059829059826,0,1,0,1,0,0,103098.38531713746
0.2705128205128205,0,1,0,1,0,0,136281.15655645978
0.18589743589743585,0,1,0,1,0,0,113308.46877539047
0.24145299145299143,0,1,0,1,0,0,128391.54661144607
0.2722222222222222,0,1,0,1,0,0,136745.2512591076
0.3299145299145299,0,1,0,1,0,0,152408.44747347303
0.1367521367521367,0,1,0,1,0,0,99965.74607426437
0.11068376068376068,1,0,0,1,0,0,105605.10382567089
0.14145299145299145,0,1,0,1,0,0,101242.00650654602
0.15170940170940167,1,0,0,1,0,0,116743.37668921961
0.2952991452991453,0,1,0,1,0,0,143010.5297448538
0.17820512820512818,1,0,0,1,0,0,123936.84458026152
0.15470085470085465,1,0,0,1,0,0,117555.54241885338
0.19957264957264953,1,0,0,1,0,0,129738.02836335982
0.24316239316239313,1,0,0,1,0,0,141572.44328088034
0.22905982905982902,0,1,0,1,0,0,125026.86001724906
0.5098290598290598,0,0,1,0,1,0,184214.36556675407
0.49871794871794867,0,1,0,0,1,0,224990.51031802892
0.4431623931623931,0,0,1,1,0,0,139361.9612054081
0.26794871794871794,0,1,0,1,0,0,135585.01450248796
0.4465811965811966,0,1,0,0,1,0,210835.62188726908
0.3217948717948718,0,1,0,1,0,0,150203.9976358957
0.7901709401709403,0,1,0,0,1,0,304118.65711948986
0.15512820512820508,1,0,0,1,0,0,117671.56609451535
0.3547008547008547,0,1,0,1,0,0,159137.8206618671
0.2858974358974358,0,1,0,0,1,0,167210.71983836975
0.26794871794871794,0,1,0,1,0,0,135585.01450248796
0.1192307692307692,1,0,0,1,0,0,107925.5773389102
0.34358974358974353,0,1,0,1,0,0,156121.20509465595
0.3064102564102564,0,0,1,1,0,0,102234.38499357895
0.3508547008547008,0,1,0,1,0,0,158093.6075809094
0.2888888888888889,1,0,0,1,0,0,153986.97657671076
0.7089743589743589,0,0,1,0,1,0,238281.39842523026
0.3294871794871795,0,1,0,1,0,0,152292.4237978111
0.3038461538461538,0,0,1,1,0,0,101538.24293960715
0.31581196581196574,0,1,0,1,0,0,148579.66617662815
0.2427350427350427,0,1,0,0,1,0,155492.32859651122
0.2602564102564103,1,0,0,1,0,0,146213.39030735902
0.5756410256410256,0,0,1,1,0,0,175329.3006606176
0.6730769230769231,0,1,0,1,0,0,245575.45903003184
0.3034188034188034,0,1,0,0,1,0,171967.6905405104
0.3756410256410256,0,1,0,0,1,0,191575.69172738265
0.7102564102564102,0,1,0,1,0,0,255669.51881262285
0.28931623931623934,1,0,0,1,0,0,154103.0002523727
0.16837606837606833,0,1,0,1,0,0,108551.49807324988
0.36196581196581196,1,0,0,1,0,0,173827.02511490695
0.1709401709401709,0,1,0,1,0,0,109247.64012722168
0.17735042735042733,0,1,0,0,1,0,137740.70622023044
0.18589743589743585,0,1,0,1,0,0,113308.46877539047
0.11239316239316238,1,0,0,1,0,0,106069.19852831875
0.12478632478632479,0,1,0,1,0,0,96717.08315572934
0.14444444444444443,1,0,0,1,0,0,114770.9742029662
0.13119658119658117,0,1,0,1,0,0,98457.43829065883
0.32905982905982906,0,1,0,1,0,0,152176.40012214912
0.8756410256410256,0,0,1,0,0,1,331666.02570263145
0.29786324786324786,1,0,0,1,0,0,156423.47376561203
0.2965811965811966,0,1,0,1,0,0,143358.6007718397
0.24401709401709398,0,1,0,1,0,0,129087.68866541787
0.1679487179487179,0,1,0,1,0,0,108435.47439758791
0.3918803418803419,0,1,0,0,1,0,195984.59140253736
0.30769230769230765,0,1,0,0,1,0,173127.92729713005
0.438034188034188,0,1,0,0,1,0,208515.1483740297
0.2722222222222222,1,0,0,1,0,0,149462.05322589405
0.7764957264957266,0,0,1,0,0,1,304748.5329490553
0.4363247863247863,0,1,0,1,0,0,181298.34271330258
0.11068376068376068,0,1,0,1,0,0,92888.30185888446
0.14444444444444443,0,1,0,1,0,0,102054.17223617979
0.185042735042735,1,0,0,0,1,0,152545.93434893223
0.3149572649572649,0,0,1,1,0,0,104554.85850681827
0.3739316239316239,0,0,1,1,0,0,120566.12574816958
0.3235042735042735,0,0,1,0,1,0,133628.04297813686
0.52008547008547,0,0,1,0,1,0,186998.93378264125
0.5782051282051281,0,1,0,0,1,0,246570.9139911546
0.44700854700854703,0,1,0,0,1,0,210951.64556293102
0.6559829059829059,0,1,0,0,1,0,267687.2229616324
0.44700854700854703,0,1,0,0,1,0,210951.64556293102
0.4021367521367521,0,1,0,0,1,0,198769.15961842454
0.3824786324786325,0,1,0,0,1,0,193432.07053797413
0.2841880341880341,1,0,0,0,1,0,179463.42710250834
0.5085470085470085,0,1,0,0,1,0,227659.05485825415
0.541880341880342,0,1,0,0,1,0,236708.9015598875
0.17820512820512818,0,1,0,1,0,0,111220.04261347509
0.3004273504273504,0,1,0,0,1,0,171155.52481087664
0.1645299145299145,0,1,0,1,0,0,107507.28499229217
0.21025641025641023,0,1,0,1,0,0,119921.81828812255
0.541880341880342,0,1,0,0,1,0,236708.9015598875
0.4905982905982906,0,1,0,0,1,0,222786.06048045156
0.46367521367521364,0,1,0,0,1,0,215476.56891374767
0.5286324786324785,0,1,0,0,1,0,233112.16761436654
0.12350427350427345,0,1,0,1,0,0,96369.01212874343
0.17948717948717946,0,1,0,0,1,0,138320.82459854026
0.17264957264957265,0,1,0,0,1,0,136464.4457879488
0.18589743589743585,0,1,0,1,0,0,113308.46877539047
0.12905982905982905,0,1,0,1,0,0,97877.319912349
0.11709401709401707,0,1,0,1,0,0,94628.65699381394
0.11068376068376068,0,1,0,1,0,0,92888.30185888446
0.11538461538461536,0,1,0,1,0,0,94164.56229116608
0.4564102564102564,0,1,0,0,1,0,213504.16642749426
0.5670940170940171,0,1,0,0,1,0,243554.2984239435
0.48034188034188036,0,1,0,0,1,0,220001.49226456438
0.4217948717948718,0,1,0,0,1,0,204106.24869887502
0.7837606837606839,0,0,1,0,1,0,258585.54166607436
0.5927350427350426,0,1,0,0,1,0,250515.71896366143
0.3722222222222222,0,1,0,0,1,0,190647.50232208695
0.24999999999999994,1,0,0,0,1,0,170181.53304955107
0.3098290598290598,0,1,0,0,1,0,173708.04567543988
0.37863247863247856,0,1,0,0,1,0,192387.85745701642
0.39786324786324784,0,1,0,0,1,0,197608.9228618049
0.14145299145299145,1,0,0,1,0,0,113958.80847333245
0.2064102564102564,1,0,0,1,0,0,131594.40717395127
0.3188034188034187,0,1,0,1,0,0,149391.8319062619
0.24529914529914526,1,0,0,1,0,0,142152.5616591902
0.1876068376068376,0,1,0,1,0,0,113772.56347803836
0.3431623931623931,0,1,0,0,1,0,182757.89237707324
0.19957264957264953,1,0,0,1,0,0,129738.02836335982
0.15170940170940167,1,0,0,1,0,0,116743.37668921961
0.23376068376068376,1,0,0,0,1,0,165772.63337439636
0.2521367521367521,0,0,1,0,1,0,114252.0891425885
0.1111111111111111,1,0,0,1,0,0,105721.12750133286
0.06965811965811963,1,0,0,1,0,0,94466.83096212214
0.11068376068376068,0,1,0,1,0,0,92888.30185888446
0.34914529914529907,0,1,0,1,0,0,157629.5128782615
0.29615384615384616,1,0,0,0,1,0,182712.0900210434
0.21068376068376066,1,0,0,1,0,0,132754.64393057095
0.35512820512820514,0,1,0,1,0,0,159253.84433752904
0.3658119658119658,0,1,0,1,0,0,162154.43622907822
0.47564102564102556,0,0,1,0,1,0,174932.47151379677
0.2653846153846154,1,0,0,1,0,0,147605.6744153026
0.49145299145299143,0,0,1,0,1,0,179225.34751328954
0.32051282051282054,0,1,0,0,1,0,176608.63756698905
0.40811965811965806,0,1,0,1,0,0,173640.7801196128
0.3773504273504273,0,1,0,0,1,0,192039.78643003054
0.18803418803418803,1,0,0,1,0,0,126605.38912048675
0.4594017094017094,0,0,1,0,1,0,170523.57183864206
0.4662393162393162,0,1,0,0,1,0,216172.7109677195
0.9064102564102565,1,0,0,0,1,0,348393.89886633103
0.2606837606837607,0,1,0,1,0,0,133612.61201623455
0.4256410256410256,0,1,0,0,1,0,205150.4617798327
0.5226495726495726,0,1,0,0,1,0,231487.836155099
0.09017094017094013,1,0,0,1,0,0,100035.96739389651
0.5923076923076922,0,0,1,0,1,0,206606.9349695135
0.19999999999999996,0,1,0,1,0,0,117137.25007223536
0.16923076923076918,1,0,0,1,0,0,121500.34739136024
0.43589743589743585,1,0,0,0,1,0,220651.83196250632
0.2965811965811966,1,0,0,0,1,0,182828.11369670538
0.3363247863247863,0,1,0,0,1,0,180901.51356648176
0.37307692307692303,0,1,0,0,1,0,190879.54967341086
0.13376068376068373,0,1,0,1,0,0,99153.58034463062
0.17991452991452989,1,0,0,1,0,0,124400.93928290938
0.38290598290598293,1,0,0,0,1,0,206264.8961804225
0.7153846153846153,0,0,1,0,1,0,240021.75356015973
0.4632478632478632,0,1,0,0,1,0,215360.54523808573
0.40982905982905976,1,0,0,0,1,0,213574.3877471264
0.27136752136752135,0,1,0,0,1,0,163265.91486586293
0.3021367521367521,1,0,0,0,1,0,184336.4214803109
0.5628205128205128,1,0,0,0,1,0,255110.86363411025
0.37863247863247856,0,1,0,0,1,0,192387.85745701642
0.5209401709401709,0,1,0,0,1,0,231023.74145245116
0.6106837606837607,1,0,0,1,0,0,241352.8043501712
0.2081196581196581,0,1,0,1,0,0,119341.69990981273
0.16538461538461535,1,0,0,1,0,0,120456.13431040254
0.2081196581196581,0,1,0,1,0,0,119341.69990981273
0.2081196581196581,0,1,0,1,0,0,119341.69990981273
0.32094017094017097,0,1,0,0,1,0,176724.66124265103
0.4576923076923077,0,1,0,1,0,0,187099.5264964009
0.35341880341880344,0,1,0,1,0,0,158789.7496348812
0.08162393162393161,1,0,0,1,0,0,97715.49388065719
0.4286324786324786,0,1,0,1,0,0,179209.91655138723
0.24487179487179483,0,1,0,1,0,0,129319.7360167418
0.09017094017094013,1,0,0,1,0,0,100035.96739389651
0.12051282051282047,0,1,0,1,0,0,95556.84639910967
0.294017094017094,1,0,0,0,1,0,182131.97164273358
0.17905982905982903,1,0,0,1,0,0,124168.89193158546
0.5094017094017094,0,1,0,1,0,0,201138.3912514988
0.5324786324786324,0,1,0,0,1,0,234156.38069532422
0.39316239316239315,0,1,0,0,1,0,196332.66242952328
0.45555555555555555,0,1,0,0,1,0,213272.11907617032
0.5004273504273504,0,1,0,0,1,0,225454.6050206768
0.6235042735042735,0,0,1,0,1,0,215076.66329283704
0.6867521367521368,0,1,0,0,1,0,276040.927609294
0.8897435897435897,0,0,1,0,1,0,287359.4132302419
0.241025641025641,0,1,0,0,1,0,155028.23389386333
0.2559829059829059,1,0,0,0,1,0,171805.86450881857
0.9371794871794872,0,1,0,0,0,1,392166.19531644054
0.7982905982905983,0,0,1,0,1,0,262530.3466385812
0.8944444444444444,0,0,1,0,1,0,288635.6736625235
0.9358974358974359,0,0,1,0,0,1,348025.36397096864
0.47393162393162386,1,0,0,0,1,0,230977.9390964213
0.596153846153846,0,1,0,0,1,0,251443.90836895717
0.21239316239316236,1,0,0,1,0,0,133218.7386332188
0.5350427350427349,0,0,1,0,1,0,191059.76243081002
0.20427350427350427,1,0,0,1,0,0,131014.28879564146
0.7320512820512821,0,1,0,0,1,0,288339.43722946243
0.5427350427350428,0,1,0,0,0,1,285076.3426804459
0.21282051282051279,0,1,0,0,1,0,147370.6713001736
0.11495726495726494,0,1,0,1,0,0,94048.53861550412
0.3478632478632478,1,0,0,0,1,0,196750.95477614127
0.2081196581196581,0,1,0,1,0,0,119341.69990981273
0.3247863247863248,0,1,0,1,0,0,151016.16336552944
0.1816239316239316,0,1,0,1,0,0,112148.23201877082
0.14658119658119656,1,0,0,1,0,0,115351.09258127604
0.2081196581196581,0,1,0,1,0,0,119341.69990981273
0.19829059829059825,1,0,0,0,1,0,156142.66829445318
0.33418803418803417,0,1,0,1,0,0,153568.6842300927
0.1923076923076923,1,0,0,0,1,0,154518.33683518565
0.36367521367521366,0,1,0,0,1,0,188327.02880884762
0.847863247863248,0,0,1,0,1,0,275989.09301536926
0.43290598290598287,1,0,0,0,1,0,219839.66623287255
0.48504273504273504,0,0,1,0,1,0,177484.99237836
0.5397435897435898,1,0,0,0,1,0,248845.5851483641
0.6841880341880342,0,0,1,0,1,0,231552.02523683626
0.635042735042735,0,1,0,0,1,0,262002.0628541961
0.7042735042735042,0,1,0,0,1,0,280797.8983114346
0.7623931623931623,0,0,1,0,1,0,252784.35788297604
0.7491452991452991,0,0,1,0,1,0,249187.6239374551
0.5072649572649572,1,0,0,0,1,0,240027.78579805465
0.5021367521367521,1,0,0,0,1,0,238635.50169011106
0.5594017094017094,0,1,0,0,1,0,241465.8722620281
0.4102564102564102,1,0,0,0,1,0,213690.41142278834
0.4534188034188034,1,0,0,0,1,0,225408.80266464694
0.36367521367521366,0,1,0,0,1,0,188327.02880884762
0.379059829059829,0,1,0,0,1,0,192503.88113267836
0.3081196581196581,0,1,0,0,1,0,173243.95097279202
0.7555555555555555,0,0,1,0,1,0,250927.97907238457
0.379059829059829,0,1,0,0,1,0,192503.88113267836
0.3243589743589744,1,0,0,0,1,0,190369.65261473318
0.3871794871794872,1,0,0,0,1,0,207425.1329370422
0.40299145299145295,1,0,0,0,1,0,211718.00893653493
0.22948717948717945,1,0,0,0,1,0,164612.3966177767
0.42435897435897435,0,1,0,0,1,0,204802.39075284678
0.5487179487179488,0,1,0,0,1,0,238565.28037047898
0.7337606837606838,0,0,1,0,0,1,293146.1653828587
0.5858974358974358,0,1,0,0,1,0,248659.34015307
0.6961538461538461,0,1,0,0,1,0,278593.44847385725
0.9615384615384617,0,0,1,0,1,0,306851.3907414522
0.9064102564102565,0,0,1,0,1,0,291884.3365810586
0.8072649572649573,0,0,1,0,1,0,264966.8438274825
0.9376068376068376,0,1,0,0,1,0,344146.82522286806
0.5807692307692307,0,1,0,0,1,0,247267.0560451264
0.4551282051282051,1,0,0,0,1,0,225872.89736729482
0.3841880341880342,0,1,0,0,1,0,193896.165240622
0.28760683760683753,1,0,0,0,1,0,180391.61650780408
0.8696581196581197,0,1,0,0,0,1,373834.45456184994
0.4747863247863247,0,1,0,0,1,0,218493.1844809588
0.22948717948717945,0,1,0,1,0,0,125142.88369291103
0.3397435897435897,0,1,0,0,1,0,181829.70297177753
0.22478632478632476,0,1,0,1,0,0,123866.62326062939
0.46196581196581193,0,1,0,0,1,0,215012.4742110998
0.4188034188034188,0,1,0,0,1,0,203294.08296924125
0.5264957264957264,0,1,0,0,1,0,232532.0492360567
0.4811965811965812,0,1,0,0,1,0,220233.53961588832
0.33888888888888885,1,0,0,0,1,0,194314.45758724
0.26153846153846155,1,0,0,0,1,0,173314.17229242416
0.3055555555555555,0,1,0,0,1,0,172547.80891882023
0.16367521367521365,0,1,0,1,0,0,107275.23764096825
0.4482905982905983,0,0,1,0,1,0,167506.95627143094
0.258974358974359,1,0,0,1,0,0,145865.3192803731
0.16196581196581195,0,1,0,1,0,0,106811.14293832038
0.1299145299145299,0,1,0,1,0,0,98109.36726367293
0.1367521367521367,1,0,0,1,0,0,112682.5480410508
0.17905982905982903,0,1,0,1,0,0,111452.08996479903
0.13119658119658117,0,1,0,1,0,0,98457.43829065883
0.14358974358974358,0,1,0,1,0,0,101822.12488485585
0.8722222222222222,0,1,0,0,1,0,326395.2028465873
0.9491452991452991,0,1,0,0,1,0,347279.4644657411
0.2641025641025641,1,0,0,0,1,0,174010.31434639596
0.3927350427350427,1,0,0,0,1,0,208933.44072064775
0.202991452991453,1,0,0,0,1,0,157418.92872673483
0.46538461538461534,0,1,0,0,1,0,215940.66361639556
0.41153846153846146,0,1,0,0,1,0,201321.68048298778
0.2512820512820512,1,0,0,0,1,0,170529.60407653695
0.3115384615384615,0,1,0,0,1,0,174172.14037808776
0.1905982905982906,0,1,0,1,0,0,114584.72920767212
0.4978632478632478,0,0,1,1,0,0,154212.99169013975
0.15854700854700854,1,0,0,1,0,0,118599.75549981109
0.1252136752136752,0,1,0,1,0,0,96833.10683139131
0.1905982905982906,0,1,0,1,0,0,114584.72920767212
0.22905982905982902,0,1,0,1,0,0,125026.86001724906
0.4102564102564102,0,1,0,0,1,0,200973.6094560019
0.3773504273504273,0,1,0,1,0,0,165287.07547195128
0.35683760683760685,0,0,1,1,0,0,115925.17872169096
0.27478632478632475,0,1,0,1,0,0,137441.39331307943
0.09017094017094013,1,0,0,1,0,0,100035.96739389651
0.18717948717948718,1,0,0,1,0,0,126373.34176916281
0.35384615384615387,0,1,0,1,0,0,158905.77331054315
0.4354700854700854,1,0,0,1,0,0,193783.09732876508
0.2611111111111111,0,1,0,1,0,0,133728.63569189652
0.47991452991452993,0,1,0,1,0,0,193132.75763082315
0.14145299145299145,1,0,0,1,0,0,113958.80847333245
0.4183760683760684,0,0,1,0,1,0,159385.29897509335
0.2739316239316239,0,1,0,1,0,0,137209.3459617555
0.17222222222222222,1,0,0,1,0,0,122312.513120994
0.3243589743589744,0,1,0,1,0,0,150900.1396898675
0.31239316239316234,0,1,0,1,0,0,147651.47677133244
0.3269230769230769,0,1,0,1,0,0,151596.2817438393
0.22179487179487178,0,1,0,1,0,0,123054.45753099564
0.19017094017094016,0,1,0,1,0,0,114468.70553201015
0.17222222222222222,1,0,0,1,0,0,122312.513120994
0.41452991452991456,1,0,0,1,0,0,188097.9372213288
0.23076923076923073,0,1,0,1,0,0,125490.95471989692
0.1709401709401709,1,0,0,1,0,0,121964.44209400809
0.19273504273504272,0,1,0,1,0,0,115164.84758598194
0.1192307692307692,1,0,0,1,0,0,107925.5773389102
0.6128205128205129,0,1,0,1,0,0,229216.12076169462
0.3329059829059829,1,0,0,1,0,0,165937.41516989324
0.3021367521367521,0,1,0,1,0,0,144866.90855544526
0.0461538461538461,1,0,0,1,0,0,88085.528800714
0.04700854700854701,1,0,0,1,0,0,88317.57615203795
0.4230769230769231,0,1,0,0,1,0,204454.3197258609
0.49358974358974356,0,0,1,1,0,0,153052.7549335201
0.23119658119658115,0,1,0,1,0,0,125606.97839555888
0.2572649572649573,0,1,0,1,0,0,132684.42261093884
0.4991452991452991,0,1,0,0,1,0,225106.5339936909
0.3705128205128205,1,0,0,0,1,0,202900.2095862255
0.7876068376068377,0,1,0,0,0,1,351557.9088347524
0.39145299145299145,0,1,0,1,0,0,169115.85676879616
0.18589743589743585,1,0,0,0,1,0,152777.98170025615
0.40641025641025635,0,0,1,0,1,0,156136.63605655823
0.23290598290598286,0,1,0,1,0,0,126071.07309820675
0.18803418803418803,0,1,0,1,0,0,113888.58715370033
0.11068376068376068,0,1,0,1,0,0,92888.30185888446
0.17948717948717946,0,1,0,1,0,0,111568.113640461
0.45427350427350427,0,1,0,1,0,0,186171.33709110518
0.4495726495726496,0,0,1,1,0,0,141102.3163403376
0.3465811965811965,0,1,0,1,0,0,156933.3708242897
0.35170940170940174,0,0,1,1,0,0,114532.89461374737
0.17051282051282046,1,0,0,1,0,0,121848.41841834612
0.5752136752136752,0,0,1,0,1,0,201965.98794303485
0.18247863247863244,1,0,0,1,0,0,125097.08133688118
0.10213675213675211,1,0,0,1,0,0,103284.63031243156
0.11068376068376068,1,0,0,1,0,0,105605.10382567089
0.3294871794871795,1,0,0,1,0,0,165009.22576459753
0.15170940170940167,0,1,0,1,0,0,104026.5747224332
0.24658119658119654,0,1,0,1,0,0,129783.83071938966
0.1004273504273504,1,0,0,1,0,0,102820.53560978369
0.27478632478632475,1,0,0,0,1,0,176910.90623794508
0.15170940170940167,0,1,0,1,0,0,104026.5747224332
0.17735042735042733,1,0,0,1,0,0,123704.79722893759
0.5222222222222221,1,0,0,1,0,0,217335.9034881442
0.23803418803418802,0,1,0,1,0,0,127463.35720615035
0.30726495726495723,0,1,0,1,0,0,146259.19266338885
0.09017094017094013,1,0,0,1,0,0,100035.96739389651
0.3525641025641026,0,1,0,0,1,0,185310.4132416365
0.3098290598290598,0,1,0,1,0,0,146955.33471736062
0.0914529914529914,1,0,0,1,0,0,100384.0384208824
0.16196581196581195,0,1,0,1,0,0,106811.14293832038
0.34914529914529907,0,1,0,1,0,0,157629.5128782615
0.5623931623931624,0,0,1,0,1,0,198485.2776731759
0.44230769230769224,0,1,0,1,0,0,182922.6741725701
0.18247863247863244,1,0,0,1,0,0,125097.08133688118
0.11709401709401707,1,0,0,1,0,0,107345.45896060037
0.19999999999999996,1,0,0,0,1,0,156606.76299710103
0.19615384615384612,0,1,0,1,0,0,116093.03699127768
0.1405982905982906,1,0,0,1,0,0,113726.76112200851
0.194017094017094,0,1,0,1,0,0,115512.91861296784
0.3645299145299145,0,1,0,1,0,0,161806.3652020923
0.18589743589743585,0,1,0,1,0,0,113308.46877539047
0.11410256410256409,1,0,0,1,0,0,106533.2932309666
0.5235042735042734,1,0,0,1,0,0,217683.9745151301
0.08760683760683757,1,0,0,1,0,0,99339.82533992472
0.4679487179487179,1,0,0,0,1,0,229353.60763715376
0.3183760683760683,0,1,0,1,0,0,149275.80823059997
0.23290598290598286,0,1,0,1,0,0,126071.07309820675
0.5999999999999999,0,0,1,0,1,0,208695.36113142886
0.40811965811965806,0,1,0,0,1,0,200393.49107769207
0.3773504273504273,0,1,0,1,0,0,165287.07547195128
0.19316239316239314,0,1,0,1,0,0,115280.87126164392
0.835042735042735,0,0,1,0,1,0,272508.38274551026
0.35683760683760685,1,0,0,0,1,0,199187.4519650426
0.5431623931623932,0,1,0,0,1,0,237056.97258687342
0.2576923076923077,1,0,0,0,1,0,172269.95921146648
0.5303418803418802,0,1,0,0,1,0,233576.2623170144
0.42094017094017094,1,0,0,0,1,0,216591.00331433752
0.5145299145299145,0,1,0,0,1,0,229283.38631752165
0.43119658119658116,0,1,0,0,1,0,206658.76956343825
0.4235042735042735,0,1,0,0,1,0,204570.34340152287
0.3346153846153846,0,1,0,0,1,0,180437.41886383394
0.2115384615384615,0,1,0,1,0,0,120269.88931510845
0.38205128205128197,0,1,0,0,1,0,193316.04686231213
0.35042735042735035,0,1,0,0,1,0,184730.29486332665
0.4888888888888889,0,1,0,0,1,0,222321.9657778037
0.5017094017094017,0,1,0,0,1,0,225802.67604766268
0.3346153846153846,0,1,0,1,0,0,153684.70790575468
0.28931623931623934,0,1,0,0,1,0,168138.90924366552
0.11068376068376068,0,1,0,1,0,0,92888.30185888446
0.4944444444444444,0,1,0,0,1,0,223830.27356140927
0.49145299145299143,0,1,0,0,1,0,223018.1078317755
0.5572649572649573,0,0,1,0,1,0,197092.99356523232
0.6876068376068376,0,1,0,0,1,0,276272.97496061795
0.6170940170940171,0,0,1,0,1,0,213336.30815790757
0.5700854700854701,0,1,0,0,1,0,244366.46415357725
0.5940170940170939,0,0,1,0,1,0,207071.02967216138
0.33547008547008544,0,1,0,0,1,0,180669.46621515785
0.48376068376068376,0,1,0,0,1,0,220929.68166986012
0.4299145299145299,0,1,0,0,1,0,206310.69853645237
0.31239316239316234,0,1,0,0,1,0,174404.18772941167
0.35512820512820514,0,1,0,0,1,0,186006.5552956083
0.17393162393162392,0,0,1,0,1,0,93019.75649644872
0.24401709401709398,1,0,0,1,0,0,141804.49063220428
0.4782051282051282,0,1,0,0,1,0,219421.37388625456
0.13205128205128203,1,0,0,1,0,0,111406.28760876918
0.7303418803418804,0,1,0,0,1,0,287875.34252681455
0.19957264957264953,1,0,0,1,0,0,129738.02836335982
0.47179487179487173,0,1,0,0,1,0,217681.01875132503
0.14145299145299145,0,1,0,1,0,0,101242.00650654602
0.3132478632478632,0,1,0,0,1,0,174636.2350807356
0.4547008547008547,0,0,1,1,0,0,142494.60044828118
0.37478632478632473,0,1,0,0,1,0,191343.6443760587
0.34572649572649566,0,1,0,1,0,0,156701.3234729658
0.2854700854700854,0,1,0,1,0,0,140341.98520462855
0.4042735042735042,0,1,0,0,1,0,199349.27799673437
0.31410256410256404,0,1,0,1,0,0,148115.5714739803
0.37350427350427345,0,1,0,1,0,0,164242.86239099357
0.38675213675213677,0,1,0,1,0,0,167839.59633651454
0.44059829059829053,0,0,1,1,0,0,138665.8191514363
0.3675213675213675,0,1,0,0,1,0,189371.2418898053
0.2918803418803419,0,0,1,1,0,0,98289.58002107212
0.4038461538461538,0,1,0,1,0,0,172480.54336299316
0.47521367521367514,1,0,0,1,0,0,204573.29916532795
0.45555555555555555,0,0,1,0,1,0,169479.35875768436
0.42905982905982903,0,1,0,1,0,0,179325.94022704917
0.5111111111111111,0,1,0,1,0,0,201602.4859541467
0.7307692307692308,0,0,1,0,1,0,244198.60588399056
0.15854700854700854,1,0,0,1,0,0,118599.75549981109
0.2905982905982906,0,1,0,1,0,0,141734.2693125722
0.028632478632478586,1,0,0,1,0,0,83328.55809857338
0.015384615384615385,1,0,0,1,0,0,79731.82415305245
0.4414529914529914,0,0,1,0,1,0,165650.57746083947
0.05299145299145297,1,0,0,1,0,0,89941.90761130546
0.338034188034188,0,0,1,0,1,0,137572.84795064369
0.14145299145299145,1,0,0,1,0,0,113958.80847333245
0.5012820512820513,1,0,0,0,1,0,238403.45433878712
0.4448717948717949,1,0,0,0,1,0,223088.32915140764
0.43589743589743585,0,1,0,0,1,0,207935.02999571987
0.45256410256410257,0,0,1,0,1,0,168667.1930280506
0.37863247863247856,0,1,0,0,1,0,192387.85745701642
0.25854700854700857,0,1,0,0,1,0,159785.20459600398
0.4465811965811966,1,0,0,1,0,0,196799.71289597623
0.341025641025641,1,0,0,0,1,0,194894.57596554986
0.579059829059829,0,1,0,0,1,0,246802.96134247855
0.5269230769230768,0,1,0,0,1,0,232648.07291171866
0.4252136752136752,0,1,0,1,0,0,178281.7271460915
0.3260683760683761,1,0,0,0,1,0,190833.74731738103
0.2987179487179487,0,1,0,1,0,0,143938.71915014953
0.11495726495726494,0,1,0,1,0,0,94048.53861550412
0.44743589743589746,0,0,1,0,1,0,167274.908920107
0.2081196581196581,0,1,0,1,0,0,119341.69990981273
0.32264957264957267,0,1,0,1,0,0,150436.04498721962
0.2081196581196581,0,1,0,1,0,0,119341.69990981273
0.2081196581196581,0,1,0,1,0,0,119341.69990981273
0.2081196581196581,0,1,0,1,0,0,119341.69990981273
0.2081196581196581,0,1,0,1,0,0,119341.69990981273
0.26452991452991453,0,0,1,1,0,0,90864.06477870629
0.15598290598290598,0,1,0,1,0,0,105186.81147905288
0.596153846153846,0,1,0,0,1,0,251443.90836895717
